<?xml version="1.0"?>
<!DOCTYPE wallpapers SYSTEM "gnome-wp-list.dtd">
<wallpapers>
  <wallpaper deleted="false">
    <name>Lavanda Wave Background</name>
    <filename>/usr/share/backgrounds/Lavanda/wallpaper-wave-Light.png</filename>
    <filename-dark>/usr/share/backgrounds/Lavanda/wallpaper-wave-Dark.png</filename-dark>
    <options>zoom</options>
    <shade_type>solid</shade_type>
    <pcolor>#51a2da</pcolor>
    <scolor>#294172</scolor>
  </wallpaper>

  <wallpaper deleted="false">
    <name>Lavanda Mountain Background</name>
    <filename>/usr/share/backgrounds/Lavanda/wallpaper-mountain-Light.png</filename>
    <filename-dark>/usr/share/backgrounds/Lavanda/wallpaper-mountain-Dark.png</filename-dark>
    <options>zoom</options>
    <shade_type>solid</shade_type>
    <pcolor>#51a2da</pcolor>
    <scolor>#294172</scolor>
  </wallpaper>

  <wallpaper deleted="false">
    <name>Lavanda Wave Sea Background</name>
    <filename>/usr/share/backgrounds/Lavanda/wallpaper-wave-Sea-Light.png</filename>
    <filename-dark>/usr/share/backgrounds/Lavanda/wallpaper-wave-Sea-Dark.png</filename-dark>
    <options>zoom</options>
    <shade_type>solid</shade_type>
    <pcolor>#51a2da</pcolor>
    <scolor>#294172</scolor>
  </wallpaper>

  <wallpaper deleted="false">
    <name>Lavanda Mountain Sea Background</name>
    <filename>/usr/share/backgrounds/Lavanda/wallpaper-mountain-Sea-Light.png</filename>
    <filename-dark>/usr/share/backgrounds/Lavanda/wallpaper-mountain-Sea-Dark.png</filename-dark>
    <options>zoom</options>
    <shade_type>solid</shade_type>
    <pcolor>#51a2da</pcolor>
    <scolor>#294172</scolor>
  </wallpaper>

  <wallpaper deleted="false">
    <name>Lavanda Wave Time of Day</name>
    <filename>/usr/share/backgrounds/Lavanda/Lavanda-wave-timed.xml</filename>
    <options>zoom</options>
    <shade_type>solid</shade_type>
    <pcolor>#51a2da</pcolor>
    <scolor>#294172</scolor>
  </wallpaper>

  <wallpaper deleted="false">
    <name>Lavanda Mountain Time of Day</name>
    <filename>/usr/share/backgrounds/Lavanda/Lavanda-mountain-timed.xml</filename>
    <options>zoom</options>
    <shade_type>solid</shade_type>
    <pcolor>#51a2da</pcolor>
    <scolor>#294172</scolor>
  </wallpaper>

  <wallpaper deleted="false">
    <name>Lavanda Wave Sea Time of Day</name>
    <filename>/usr/share/backgrounds/Lavanda/Lavanda-wave-Sea-timed.xml</filename>
    <options>zoom</options>
    <shade_type>solid</shade_type>
    <pcolor>#51a2da</pcolor>
    <scolor>#294172</scolor>
  </wallpaper>

  <wallpaper deleted="false">
    <name>Lavanda Mountain Sea Time of Day</name>
    <filename>/usr/share/backgrounds/Lavanda/Lavanda-mountain-Sea-timed.xml</filename>
    <options>zoom</options>
    <shade_type>solid</shade_type>
    <pcolor>#51a2da</pcolor>
    <scolor>#294172</scolor>
  </wallpaper>
</wallpapers>
